company_id,deposit_group,date,amount,reference
ACME,CA-WH,2026-01-14,6342.59,EFT1000
ACME,US-941,2026-01-14,24508.30,EFT1001
ACME,CA-WH,2026-01-28,6342.59,EFT1002
ACME,US-941,2026-01-28,24508.30,EFT1003
ACME,CA-WH,2026-02-11,6342.59,EFT1004
ACME,US-941,2026-02-14,24508.30,EFT1005
ACME,CA-WH,2026-02-25,6342.59,EFT1006
ACME,US-941,2026-02-25,24508.30,EFT1007
ACME,CA-WH,2026-03-11,6342.59,EFT1008
ACME,US-941,2026-03-11,19191.59,EFT1009
ACME,CA-WH,2026-03-25,6342.59,EFT1010
KEYSTONE,PA-WH,2026-01-21,136.68,EFT1014
KEYSTONE,PA-WH,2026-02-04,205.02,EFT1015
KEYSTONE,OH-MUNI,2026-02-17,158.65,EFT1016
KEYSTONE,OH-WH,2026-02-17,151.75,EFT1017
KEYSTONE,US-941,2026-02-17,3885.10,EFT1018
KEYSTONE,PA-WH,2026-02-19,136.68,EFT1019
KEYSTONE,PA-WH,2026-03-04,136.68,EFT1020
KEYSTONE,OH-MUNI,2026-03-16,126.92,EFT1021
KEYSTONE,OH-WH,2026-03-16,121.40,EFT1022
KEYSTONE,US-941,2026-03-16,3108.08,EFT1023
KEYSTONE,PA-WH,2026-03-18,136.68,EFT1024
KEYSTONE,PA-WH,2026-04-03,136.68,EFT1025
KEYSTONE,OH-MUNI,2026-04-15,126.92,EFT1026
KEYSTONE,OH-WH,2026-04-15,121.40,EFT1027
KEYSTONE,US-941,2026-04-15,3108.08,EFT1028
NORTHWIND,NY-WH,2026-02-09,849.32,EFT1033
NORTHWIND,US-941,2026-02-17,4349.84,EFT1034
NORTHWIND,NY-WH,2026-03-06,849.32,EFT1035
NORTHWIND,US-941,2026-03-16,4349.84,EFT1036
NORTHWIND,NY-WH,2026-04-07,849.32,EFT1037
NORTHWIND,US-941,2026-04-15,4349.84,EFT1038
