company_id,employee_id,ssn,first_name,last_name,pay_date,period_start,period_end,work_state,gross_wages,pretax_401k,pretax_s125,fit_withheld,ss_withheld,medicare_withheld,sit_withheld,sdi_withheld
ACME,A100,512-34-1001,Maria,Lopez,2026-01-09,2025-12-27,2026-01-09,CA,46153.85,2307.69,250,6103.46,2846.04,665.61,2397.79,596.75
ACME,A101,512-34-1002,James,Chen,2026-01-09,2025-12-27,2026-01-09,CA,5576.92,334.62,180,708.72,334.61,78.26,278.43,70.16
ACME,A102,512-34-1003,Aisha,Patel,2026-01-09,2025-12-27,2026-01-09,CA,3769.23,150.77,120,489.78,226.25,52.91,192.42,47.44
ACME,A103,512-34-1004,Tom,Becker,2026-01-09,2025-12-27,2026-01-09,CA,2769.23,0.00,120,370.89,164.25,38.41,145.71,34.44
ACME,A104,512-34-1005,Grace,Kim,2026-01-09,2025-12-27,2026-01-09,CA,2461.54,73.85,0,334.28,152.62,35.69,131.32,32.00
ACME,A105,123-00-4567,Leo,Nguyen,2026-01-09,2025-12-27,2026-01-09,CA,2230.77,0.00,0,312.31,138.31,32.35,122.69,29.00
ACME,A100,512-34-1001,Maria,Lopez,2026-01-23,2026-01-10,2026-01-23,CA,46153.85,2307.69,250,6103.46,2846.04,665.61,2397.79,596.75
ACME,A101,512-34-1002,James,Chen,2026-01-23,2026-01-10,2026-01-23,CA,5576.92,334.62,180,708.72,334.61,78.26,278.43,70.16
ACME,A102,512-34-1003,Aisha,Patel,2026-01-23,2026-01-10,2026-01-23,CA,3769.23,150.77,120,489.78,226.25,52.91,192.42,47.44
ACME,A103,512-34-1004,Tom,Becker,2026-01-23,2026-01-10,2026-01-23,CA,2769.23,0.00,120,370.89,164.25,38.41,145.71,34.44
ACME,A104,512-34-1005,Grace,Kim,2026-01-23,2026-01-10,2026-01-23,CA,2461.54,73.85,0,334.28,152.62,35.69,131.32,32.00
ACME,A105,123-00-4567,Leo,Nguyen,2026-01-23,2026-01-10,2026-01-23,CA,2230.77,0.00,0,312.31,138.31,32.35,122.69,29.00
ACME,A100,512-34-1001,Maria,Lopez,2026-02-06,2026-01-24,2026-02-06,CA,46153.85,2307.69,250,6103.46,2846.04,665.61,2397.79,596.75
ACME,A101,512-34-1002,James,Chen,2026-02-06,2026-01-24,2026-02-06,CA,5576.92,334.62,180,708.72,334.61,78.26,278.43,70.16
ACME,A102,512-34-1003,Aisha,Patel,2026-02-06,2026-01-24,2026-02-06,CA,3769.23,150.77,120,489.78,226.25,52.91,192.42,47.44
ACME,A103,512-34-1004,Tom,Becker,2026-02-06,2026-01-24,2026-02-06,CA,2769.23,0.00,120,370.89,164.25,38.41,145.71,34.44
ACME,A104,512-34-1005,Grace,Kim,2026-02-06,2026-01-24,2026-02-06,CA,2461.54,73.85,0,334.28,152.62,35.69,131.32,32.00
ACME,A105,123-00-4567,Leo,Nguyen,2026-02-06,2026-01-24,2026-02-06,CA,2230.77,0.00,0,312.31,138.31,32.35,122.69,29.00
ACME,A100,512-34-1001,Maria,Lopez,2026-02-20,2026-02-07,2026-02-20,CA,46153.85,2307.69,250,6103.46,2846.04,665.61,2397.79,596.75
ACME,A101,512-34-1002,James,Chen,2026-02-20,2026-02-07,2026-02-20,CA,5576.92,334.62,180,708.72,334.61,78.26,278.43,70.16
ACME,A102,512-34-1003,Aisha,Patel,2026-02-20,2026-02-07,2026-02-20,CA,3769.23,150.77,120,489.78,226.25,52.91,192.42,47.44
ACME,A103,512-34-1004,Tom,Becker,2026-02-20,2026-02-07,2026-02-20,CA,3769.23,0.00,120,510.89,226.25,52.91,200.71,47.44
ACME,A104,512-34-1005,Grace,Kim,2026-02-20,2026-02-07,2026-02-20,CA,2461.54,73.85,0,334.28,152.62,35.69,131.32,32.00
ACME,A105,123-00-4567,Leo,Nguyen,2026-02-20,2026-02-07,2026-02-20,CA,2230.77,0.00,0,312.31,138.31,32.35,122.69,29.00
ACME,A100,512-34-1001,Maria,Lopez,2026-03-06,2026-02-21,2026-03-06,CA,46153.85,2307.69,250,6103.46,54.85,665.61,2397.79,596.75
ACME,A101,512-34-1002,James,Chen,2026-03-06,2026-02-21,2026-03-06,CA,5576.92,334.62,180,708.72,334.61,78.26,278.43,70.16
ACME,A102,512-34-1003,Aisha,Patel,2026-03-06,2026-02-21,2026-03-06,CA,3769.23,150.77,120,489.78,226.25,52.91,192.42,47.44
ACME,A103,512-34-1004,Tom,Becker,2026-03-06,2026-02-21,2026-03-06,CA,2769.23,0.00,120,370.89,164.25,38.41,145.71,34.44
ACME,A104,512-34-1005,Grace,Kim,2026-03-06,2026-02-21,2026-03-06,CA,2461.54,73.85,0,334.28,152.62,35.69,131.32,32.00
ACME,A105,123-00-4567,Leo,Nguyen,2026-03-06,2026-02-21,2026-03-06,CA,2230.77,0.00,0,312.31,138.31,32.35,122.69,29.00
ACME,A100,512-34-1001,Maria,Lopez,2026-03-20,2026-03-07,2026-03-20,CA,46153.85,2307.69,250,6103.46,0.00,665.61,2397.79,596.75
ACME,A101,512-34-1002,James,Chen,2026-03-20,2026-03-07,2026-03-20,CA,5576.92,334.62,180,708.72,334.61,78.26,278.43,70.16
ACME,A102,512-34-1003,Aisha,Patel,2026-03-20,2026-03-07,2026-03-20,CA,3769.23,150.77,120,489.78,226.25,52.91,192.42,47.44
ACME,A103,512-34-1004,Tom,Becker,2026-03-20,2026-03-07,2026-03-20,CA,2769.23,0.00,120,370.89,164.25,38.41,145.71,34.44
ACME,A104,512-34-1005,Grace,Kim,2026-03-20,2026-03-07,2026-03-20,CA,2461.54,73.85,0,334.28,152.62,35.69,131.32,32.00
ACME,A105,123-00-4567,Leo,Nguyen,2026-03-20,2026-03-07,2026-03-20,CA,2230.77,0.00,0,312.31,138.31,32.35,122.69,29.00
NORTHWIND,N200,414-22-2001,Sam,Rivera,2026-01-15,2026-01-01,2026-01-15,NY,3666.67,183.33,90,475.07,221.75,51.86,169.67,
NORTHWIND,N201,414-22-2002,Priya,Shah,2026-01-15,2026-01-01,2026-01-15,NY,3166.67,0.00,90,430.73,190.75,44.61,153.83,
NORTHWIND,N202,414-22-2003,Dana,Brooks,2026-01-15,2026-01-01,2026-01-15,TX,2541.67,101.67,0,341.60,157.58,36.85,0.00,
NORTHWIND,N200,414-22-2001,Sam,Rivera,2026-01-30,2026-01-16,2026-01-31,NY,3666.67,183.33,90,475.07,221.75,51.86,169.67,
NORTHWIND,N201,414-22-2002,Priya,Shah,2026-01-30,2026-01-16,2026-01-31,NY,3166.67,0.00,90,430.73,190.75,44.61,153.83,
NORTHWIND,N202,414-22-2003,Dana,Brooks,2026-01-30,2026-01-16,2026-01-31,TX,2541.67,101.67,0,341.60,157.58,36.85,0.00,
NORTHWIND,N200,414-22-2001,Sam,Rivera,2026-02-13,2026-02-01,2026-02-15,NY,3666.67,183.33,90,475.07,221.75,51.86,169.67,
NORTHWIND,N201,414-22-2002,Priya,Shah,2026-02-13,2026-02-01,2026-02-15,NY,3166.67,0.00,90,430.73,190.75,44.61,153.83,
NORTHWIND,N202,414-22-2003,Dana,Brooks,2026-02-13,2026-02-01,2026-02-15,TX,2541.67,101.67,0,341.60,157.58,36.85,0.00,
NORTHWIND,N200,414-22-2001,Sam,Rivera,2026-02-27,2026-02-16,2026-02-28,NY,3666.67,183.33,90,475.07,221.75,51.86,169.67,
NORTHWIND,N201,414-22-2002,Priya,Shah,2026-02-27,2026-02-16,2026-02-28,NY,3166.67,0.00,90,430.73,190.75,44.61,153.83,
NORTHWIND,N202,414-22-2003,Dana,Brooks,2026-02-27,2026-02-16,2026-02-28,TX,2541.67,101.67,0,341.60,157.58,36.85,0.00,
NORTHWIND,N200,414-22-2001,Sam,Rivera,2026-03-13,2026-03-01,2026-03-15,NY,3666.67,183.33,90,475.07,221.75,51.86,169.67,
NORTHWIND,N201,414-22-2002,Priya,Shah,2026-03-13,2026-03-01,2026-03-15,NY,3166.67,0.00,90,430.73,190.75,44.61,153.83,
NORTHWIND,N202,414-22-2003,Dana,Brooks,2026-03-13,2026-03-01,2026-03-15,TX,2541.67,101.67,0,341.60,157.58,36.85,0.00,
NORTHWIND,N200,414-22-2001,Sam,Rivera,2026-03-31,2026-03-16,2026-03-31,NY,3666.67,183.33,90,475.07,221.75,51.86,169.67,
NORTHWIND,N201,414-22-2002,Priya,Shah,2026-03-31,2026-03-16,2026-03-31,NY,3166.67,0.00,90,430.73,190.75,44.61,153.83,
NORTHWIND,N202,414-22-2003,Dana,Brooks,2026-03-31,2026-03-16,2026-03-31,TX,2541.67,101.67,0,341.60,157.58,36.85,0.00,
